Inntekt/Utgift	Kategori L1	Kategori L2	Kategori L3	Kategori L4	Enhet	Kapitel	Postnr	Linje	Beløp
Inntekt	Fastland	Inntekter under departementene	Ymse inntekter	-	Tilfeldige inntekter:	5309	29	Ymse	400000000
Inntekt	Fastland	Inntekter under departementene	Ymse inntekter	-	Statens lånekasse for utdanning:	5310	4	Refusjon av ODA-godkjente utgifter	2000000
Inntekt	Fastland	Inntekter under departementene	Ymse inntekter	-	Statens lånekasse for utdanning:	5310	29	Termingebyrer	1870000
Inntekt	Fastland	Inntekter under departementene	Ymse inntekter	-	Statens lånekasse for utdanning:	5310	89	Purregebyrer	109229000
Inntekt	Fastland	Inntekter under departementene	Ymse inntekter	-	Husbanken:	5312	1	Gebyrer m.m.	6100000
Inntekt	Fastland	Inntekter under departementene	Ymse inntekter	-	Husbanken:	5312	11	Diverse inntekter	91344000
Inntekt	Fastland	Inntekter under departementene	Ymse inntekter	-	Innovasjon Norge:	5325	70	Låneprovisjoner	70000000
Inntekt	Fastland	Inntekter under departementene	Ymse inntekter	-	Siva SF:	5326	70	Låne- og garantiprovisjoner	7000000
Inntekt	Fastland	Inntekter under departementene	Ymse inntekter	-	Eksportkredittordningen:	5329	70	Gebyrer m.m.	30000000
Inntekt	Fastland	Overføring fra Norges bank	Overføring fra Norges bank	-	Overføring fra Norges Bank:	5351	85	Overføring	18974000000
Inntekt	Fastland	Inntekter under departementene	Folketrygden	Arbeidsgiveravgift og trygdeavgift	Diverse inntekter:	5701	71	Refusjon ved yrkesskade	768500000
Inntekt	Fastland	Inntekter under departementene	Folketrygden	Arbeidsgiveravgift og trygdeavgift	Diverse inntekter:	5701	86	Innkreving feilutbetalinger	1492000000
Inntekt	Fastland	Inntekter under departementene	Folketrygden	Arbeidsgiveravgift og trygdeavgift	Diverse inntekter:	5701	87	Diverse inntekter	26069000
Inntekt	Fastland	Inntekter under departementene	Folketrygden	Arbeidsgiveravgift og trygdeavgift	Diverse inntekter:	5701	88	Hjelpemiddelsentraler mv.	110000000
Inntekt	Fastland	Inntekter under departementene	Folketrygden	Arbeidsgiveravgift og trygdeavgift	Statsgaranti for lønnskrav ved konkurs:	5704	70	Dividende	230000000
Inntekt	Fastland	Inntekter under departementene	Folketrygden	Arbeidsgiveravgift og trygdeavgift	Refusjon av dagpenger:	5705	70	Refusjon av dagpenger, statsgaranti ved konkurs	27000000
Inntekt	Fastland	Inntekter under departementene	Folketrygden	Arbeidsgiveravgift og trygdeavgift	Refusjon av dagpenger:	5705	71	Refusjon av dagpenger for grensearbeidere mv. bosatt i Norge	700000
Inntekt	Fastland	Inntekter under departementene	Folketrygden	Arbeidsgiveravgift og trygdeavgift	Refusjon av dagpenger:	5705	72	Innkreving av forskutterte dagpenger	45000000
Inntekt	Fastland	Inntekter under departementene	Folketrygden	Arbeidsgiveravgift og trygdeavgift	Bidragsforskott:	5706	70	Refusjon fra bidragspliktige	182000000
Inntekt	Fastland	Inntekter av statens forvaltningsbedrifter	Øvrige Inntekter av statens forvaltningsbedrifter	-	Eksportfinansiering Norge:	5460	57	Tilbakeføring av tapsavsetning for investeringer i og eksport til Ukraina	126000000
Inntekt	Fastland	Inntekter av statens forvaltningsbedrifter	Øvrige Inntekter av statens forvaltningsbedrifter	-	Eksportfinansiering Norge:	5460	71	Tilbakeføring fra avviklede garantiordninger	28800000
Inntekt	Fastland	Inntekter av statens forvaltningsbedrifter	Øvrige Inntekter av statens forvaltningsbedrifter	-	Eksportfinansiering Norge:	5460	85	Inntekter fra avviklede midlertidige ordninger	21650000
Inntekt	Fastland	Inntekter av statens forvaltningsbedrifter	Øvrige Inntekter av statens forvaltningsbedrifter	-	Statens pensjonskasse:	5470	30	Avsetning til investeringsformål	55000000
Inntekt	Fastland	Inntekter av statens forvaltningsbedrifter	Øvrige Inntekter av statens forvaltningsbedrifter	-	Avskrivning på statens kapital i statens forvaltningsbedrifter:	5491	30	Avskrivninger	1755000000
Inntekt	Fastland	Inntekter av statens forvaltningsbedrifter	Renter av statens forvaltningsbedrifter	-	Avskrivning på statens kapital i statens forvaltningsbedrifter:	5491	80	Renter av statens faste kapital	2593000000
Inntekt	Fastland	Inntekter under departementene	Regjeringen	-	Regjeringsadvokaten:	3024	1	Erstatning for utgifter i rettssaker	23082000
Inntekt	Fastland	Inntekter under departementene	Stortinget og eksterne organer	-	Stortinget:	3041	1	Salgsinntekter	6190000
Inntekt	Fastland	Inntekter under departementene	Stortinget og eksterne organer	-	Stortinget:	3041	3	Leieinntekter	2387000
Inntekt	Fastland	Inntekter under departementene	Stortinget og eksterne organer	-	Riksrevisjonen:	3051	2	Refusjon utland	300000
Inntekt	Fastland	Inntekter under departementene	Utenriksdepartementet	-	Utenriksdepartementet:	3100	1	Diverse gebyrer ved utenriksstasjonene	32185000
Inntekt	Fastland	Inntekter under departementene	Utenriksdepartementet	-	Utenriksdepartementet:	3100	2	Gebyrer for utlendingssaker ved utenriksstasjonene	274000000
Inntekt	Fastland	Inntekter under departementene	Utenriksdepartementet	-	Utenriksdepartementet:	3100	5	Refusjon spesialutsendinger mv.	45040000
Inntekt	Fastland	Inntekter under departementene	Kunnskapsdepartementet	-	Kunnskapsdepartementet:	3200	3	Inntekter fra fremleie	4500000
Inntekt	Fastland	Inntekter under departementene	Kunnskapsdepartementet	-	Utdanningsdirektoratet:	3220	1	Inntekter ved oppdrag	2685000
Inntekt	Fastland	Inntekter under departementene	Kunnskapsdepartementet	-	Statlige skoler og fjernundervisningstjenester:	3222	2	Salgsinntekter mv.	25842000
Inntekt	Fastland	Inntekter under departementene	Kunnskapsdepartementet	-	Diamanten skole:	3223	2	Salgsinntekter mv.	742000
Inntekt	Fastland	Inntekter under departementene	Kunnskapsdepartementet	-	Tiltak i grunnopplæringen:	3225	4	Refusjon av ODA-godkjente utgifter	293709000
Inntekt	Fastland	Inntekter under departementene	Kunnskapsdepartementet	-	Statlig spesialpedagogisk tjeneste:	3230	1	Inntekter ved oppdrag	28234000
Inntekt	Fastland	Inntekter under departementene	Kunnskapsdepartementet	-	Statlig spesialpedagogisk tjeneste:	3230	2	Salgsinntekter mv.	8035000
Inntekt	Fastland	Inntekter under departementene	Kunnskapsdepartementet	-	Norges grønne fagskole - Vea:	3242	2	Salgsinntekter mv.	7822000
Inntekt	Fastland	Inntekter under departementene	Kunnskapsdepartementet	-	Norges grønne fagskole - Vea:	3242	61	Refusjon fra fylkeskommuner	52000
Inntekt	Fastland	Inntekter under departementene	Kunnskapsdepartementet	-	Direktoratet for høyere utdanning og kompetanse:	3256	1	Inntekter ved oppdrag	6939000
Inntekt	Fastland	Inntekter under departementene	Kunnskapsdepartementet	-	Direktoratet for høyere utdanning og kompetanse:	3256	2	Inntekter fra refusjoner mv.	34816000
Inntekt	Fastland	Inntekter under departementene	Kunnskapsdepartementet	-	Nasjonalt organ for kvalitet i utdanningen:	3271	1	Inntekter ved oppdrag	4464000
Inntekt	Fastland	Inntekter under departementene	Kunnskapsdepartementet	-	Nasjonalt organ for kvalitet i utdanningen:	3271	2	Salgsinntekter mv.	400000
Inntekt	Fastland	Inntekter under departementene	Kunnskapsdepartementet	-	Tiltak for høyere utdanning og forskning:	3275	1	Inntekter ved oppdrag	10000
Inntekt	Fastland	Inntekter under departementene	Kunnskapsdepartementet	-	Norges forskningsråd:	3285	1	Inntekter fra oppdrag	12100000
Inntekt	Fastland	Inntekter under departementene	Kunnskapsdepartementet	-	Norges forskningsråd:	3285	2	Inntekter fra refusjoner mv.	11900000
Inntekt	Fastland	Inntekter under departementene	Kunnskapsdepartementet	-	Internasjonale samarbeidstiltak:	3288	4	Refusjon av ODA-godkjente utgifter	19025000
Inntekt	Fastland	Inntekter under departementene	Kultur- og likestillingsdepartementet	-	Kultur- og likestillingsdepartementet:	3300	1	Ymse inntekter	104000
Inntekt	Fastland	Inntekter under departementene	Kultur- og likestillingsdepartementet	-	Kulturdirektoratet og Kulturrådet m.m.:	3320	1	Ymse inntekter	5066000
Inntekt	Fastland	Inntekter under departementene	Kultur- og likestillingsdepartementet	-	Bygg og offentlige rom:	3322	1	Ymse inntekter	161000
Inntekt	Fastland	Inntekter under departementene	Kultur- og likestillingsdepartementet	-	Bygg og offentlige rom:	3322	2	Inntekter ved oppdrag	37215000
Inntekt	Fastland	Inntekter under departementene	Kultur- og likestillingsdepartementet	-	Musikk og scenekunst:	3323	1	Ymse inntekter	403000
Inntekt	Fastland	Inntekter under departementene	Kultur- og likestillingsdepartementet	-	Musikk og scenekunst:	3323	2	Billett- og salgsinntekter m.m.	25332000
Inntekt	Fastland	Inntekter under departementene	Kultur- og likestillingsdepartementet	-	Allmenne kulturformål:	3325	1	Ymse inntekter	2537000
Inntekt	Fastland	Inntekter under departementene	Kultur- og likestillingsdepartementet	-	Språk- og bibliotekformål:	3326	1	Ymse inntekter	24572000
Inntekt	Fastland	Inntekter under departementene	Kultur- og likestillingsdepartementet	-	Språk- og bibliotekformål:	3326	2	Inntekter ved oppdrag	19033000
Inntekt	Fastland	Inntekter under departementene	Kultur- og likestillingsdepartementet	-	Nidaros domkirkes restaureringsarbeider mv.:	3327	1	Ymse inntekter	35903000
Inntekt	Fastland	Inntekter under departementene	Kultur- og likestillingsdepartementet	-	Nidaros domkirkes restaureringsarbeider mv.:	3327	2	Inntekter ved oppdrag	4796000
Inntekt	Fastland	Inntekter under departementene	Kultur- og likestillingsdepartementet	-	Arkivformål:	3329	1	Ymse inntekter	2537000
Inntekt	Fastland	Inntekter under departementene	Kultur- og likestillingsdepartementet	-	Arkivformål:	3329	2	Inntekter ved oppdrag	5965000
Inntekt	Fastland	Inntekter under departementene	Kultur- og likestillingsdepartementet	-	Film- og dataspillformål:	3334	1	Ymse inntekter	6978000
Inntekt	Fastland	Inntekter under departementene	Kultur- og likestillingsdepartementet	-	Film- og dataspillformål:	3334	2	Inntekter ved oppdrag	8032000
Inntekt	Fastland	Inntekter under departementene	Kultur- og likestillingsdepartementet	-	Medieformål:	3335	2	Inntekter ved oppdrag	4900000
Inntekt	Fastland	Inntekter under departementene	Kultur- og likestillingsdepartementet	-	Inntekter fra spill, lotterier og stiftelser:	3339	2	Gebyr - lotterier	8695000
Inntekt	Fastland	Inntekter under departementene	Kultur- og likestillingsdepartementet	-	Inntekter fra spill, lotterier og stiftelser:	3339	4	Gebyr - stiftelser	220000
Inntekt	Fastland	Inntekter under departementene	Kultur- og likestillingsdepartementet	-	Inntekter fra spill, lotterier og stiftelser:	3339	7	Inntekter ved oppdrag	15765000
Inntekt	Fastland	Inntekter under departementene	Kultur- og likestillingsdepartementet	-	Sekretariatet for Diskrimineringsnemnda:	3350	85	Tvangsmulkt	1000000
Inntekt	Fastland	Inntekter under departementene	Justis- og beredskapsdepartementet	-	Justis- og beredskapsdepartementet:	3400	1	Diverse inntekter	6582000
Inntekt	Fastland	Inntekter under departementene	Justis- og beredskapsdepartementet	-	Domstolene:	3410	1	Rettsgebyr	217170000
Inntekt	Fastland	Inntekter under departementene	Justis- og beredskapsdepartementet	-	Domstolene:	3410	2	Saks- og gebyrinntekter jordskiftedomstolene	22903000
Inntekt	Fastland	Inntekter under departementene	Justis- og beredskapsdepartementet	-	Domstolene:	3410	3	Diverse refusjoner	1907000
Inntekt	Fastland	Inntekter under departementene	Justis- og beredskapsdepartementet	-	Domstolene:	3410	4	Vernesaker jordskiftedomstolene	2502000
Inntekt	Fastland	Inntekter under departementene	Justis- og beredskapsdepartementet	-	Domstoladministrasjonen:	3411	3	Diverse refusjoner	325000
Inntekt	Fastland	Inntekter under departementene	Justis- og beredskapsdepartementet	-	Kriminalomsorgen:	3430	2	Arbeidsdriftens inntekter	123305000
Inntekt	Fastland	Inntekter under departementene	Justis- og beredskapsdepartementet	-	Kriminalomsorgen:	3430	3	Andre inntekter	27177000
Inntekt	Fastland	Inntekter under departementene	Justis- og beredskapsdepartementet	-	Kriminalomsorgen:	3430	4	Tilskudd	26326000
Inntekt	Fastland	Inntekter under departementene	Justis- og beredskapsdepartementet	-	Kriminalomsorgens høgskole og utdanningssenter:	3432	3	Andre inntekter	1271000
Inntekt	Fastland	Inntekter under departementene	Justis- og beredskapsdepartementet	-	Konfliktrådet:	3433	2	Refusjoner	6000
Inntekt	Fastland	Inntekter under departementene	Justis- og beredskapsdepartementet	-	Politiet:	3440	1	Gebyr - pass og ID-kort	918262000
Inntekt	Fastland	Inntekter under departementene	Justis- og beredskapsdepartementet	-	Politiet:	3440	2	Refusjoner mv.	311623000
Inntekt	Fastland	Inntekter under departementene	Justis- og beredskapsdepartementet	-	Politiet:	3440	3	Salgsinntekter	54637000
Inntekt	Fastland	Inntekter under departementene	Justis- og beredskapsdepartementet	-	Politiet:	3440	4	Gebyr - vaktselskap og etterkontroll av deaktiverte skytevåpen	4828000
Inntekt	Fastland	Inntekter under departementene	Justis- og beredskapsdepartementet	-	Politiet:	3440	5	Gebyr - våpenforvaltningen	45902000
Inntekt	Fastland	Inntekter under departementene	Justis- og beredskapsdepartementet	-	Politiet:	3440	6	Gebyr - utlendingssaker	321613000
Inntekt	Fastland	Inntekter under departementene	Justis- og beredskapsdepartementet	-	Politiet:	3440	7	Gebyr - sivile gjøremål	559196000
Inntekt	Fastland	Inntekter under departementene	Justis- og beredskapsdepartementet	-	Politiet:	3440	8	Refusjoner fra EUs grense- og visumfinansieringsordninger	207500000
Inntekt	Fastland	Inntekter under departementene	Justis- og beredskapsdepartementet	-	Politihøgskolen:	3442	2	Diverse inntekter	24068000
Inntekt	Fastland	Inntekter under departementene	Justis- og beredskapsdepartementet	-	Politihøgskolen:	3442	3	Eksterne forskningsmidler	13587000
Inntekt	Fastland	Inntekter under departementene	Justis- og beredskapsdepartementet	-	Politiets sikkerhetstjeneste (PST):	3444	2	Refusjoner	16768000
Inntekt	Fastland	Inntekter under departementene	Justis- og beredskapsdepartementet	-	Direktoratet for samfunnssikkerhet og beredskap:	3451	1	Gebyr	130220000
Inntekt	Fastland	Inntekter under departementene	Justis- og beredskapsdepartementet	-	Direktoratet for samfunnssikkerhet og beredskap:	3451	2	Refusjoner driftsutgifter Nødnett	38790000
Inntekt	Fastland	Inntekter under departementene	Justis- og beredskapsdepartementet	-	Direktoratet for samfunnssikkerhet og beredskap:	3451	3	Diverse inntekter	40560000
Inntekt	Fastland	Inntekter under departementene	Justis- og beredskapsdepartementet	-	Direktoratet for samfunnssikkerhet og beredskap:	3451	4	Refusjoner større utstyrsanskaffelser og vedlikehold Nødnett	85511000
Inntekt	Fastland	Inntekter under departementene	Justis- og beredskapsdepartementet	-	Direktoratet for samfunnssikkerhet og beredskap:	3451	5	Abonnementsinntekter og refusjoner Nødnett	557263000
Inntekt	Fastland	Inntekter under departementene	Justis- og beredskapsdepartementet	-	Direktoratet for samfunnssikkerhet og beredskap:	3451	6	Refusjoner	18046000
Inntekt	Fastland	Inntekter under departementene	Justis- og beredskapsdepartementet	-	Direktoratet for samfunnssikkerhet og beredskap:	3451	7	Refusjoner fra EU i forbindelse med variable utgifter knyttet til EUs ordning for sivil beredskap	51900000
Inntekt	Fastland	Inntekter under departementene	Justis- og beredskapsdepartementet	-	Sivil klareringsmyndighet:	3453	1	Diverse inntekter	800000
Inntekt	Fastland	Inntekter under departementene	Justis- og beredskapsdepartementet	-	Redningshelikoptertjenesten:	3454	1	Refusjoner	32476000
Inntekt	Fastland	Inntekter under departementene	Justis- og beredskapsdepartementet	-	Nasjonal sikkerhetsmyndighet:	3457	1	Inntekter	37495000
Inntekt	Fastland	Inntekter under departementene	Justis- og beredskapsdepartementet	-	Advokattilsynet:	3461	1	Bidrag fra advokater og forvalterordning	51500000
Inntekt	Fastland	Inntekter under departementene	Justis- og beredskapsdepartementet	-	Advokattilsynet:	3461	2	Diverse inntekter	14000000
Inntekt	Fastland	Inntekter under departementene	Justis- og beredskapsdepartementet	-	Fri rettshjelp:	3470	1	Tilkjente saksomkostninger m.m.	4954000
Inntekt	Fastland	Inntekter under departementene	Justis- og beredskapsdepartementet	-	Fri rettshjelp:	3470	2	Fri rettshjelp, ODA-godkjente utgifter	5883000
Inntekt	Fastland	Inntekter under departementene	Justis- og beredskapsdepartementet	-	Statens sivilrettsforvaltning:	3473	1	Diverse inntekter	5000
Inntekt	Fastland	Inntekter under departementene	Justis- og beredskapsdepartementet	-	Statens sivilrettsforvaltning:	3473	2	Vergemåls-/representantordning, ODA-godkjente utgifter	6747000
Inntekt	Fastland	Inntekter under departementene	Justis- og beredskapsdepartementet	-	Samfunnet Jan Mayen:	3481	1	Refusjoner og andre inntekter	7408000
Inntekt	Fastland	Inntekter under departementene	Justis- og beredskapsdepartementet	-	Utlendingsdirektoratet:	3490	1	Assistert retur fra Norge for asylsøkere med avslag, ODA-godkjente utgifter	6286000
Inntekt	Fastland	Inntekter under departementene	Justis- og beredskapsdepartementet	-	Utlendingsdirektoratet:	3490	3	Reiseutgifter for flyktninger fra utlandet, ODA-godkjente utgifter	11384000
Inntekt	Fastland	Inntekter under departementene	Justis- og beredskapsdepartementet	-	Utlendingsdirektoratet:	3490	4	Asylmottak, ODA-godkjente utgifter	3122326000
Inntekt	Fastland	Inntekter under departementene	Justis- og beredskapsdepartementet	-	Utlendingsdirektoratet:	3490	5	Refusjonsinntekter	2987000
Inntekt	Fastland	Inntekter under departementene	Justis- og beredskapsdepartementet	-	Utlendingsdirektoratet:	3490	6	Beskyttelse til flyktninger utenfor Norge mv., ODA-godkjente utgifter	10128000
Inntekt	Fastland	Inntekter under departementene	Justis- og beredskapsdepartementet	-	Utlendingsdirektoratet:	3490	7	Tolk og oversettelse, ODA-godkjente utgifter	31353000
Inntekt	Fastland	Inntekter under departementene	Justis- og beredskapsdepartementet	-	Utlendingsdirektoratet:	3490	8	Internasjonalt migrasjonsarbeid og reintegrering i hjemlandet, ODA-godkjente utgifter	45664000
Inntekt	Fastland	Inntekter under departementene	Kommunal- og distriktsdepartementet	-	Internasjonalt reindriftssenter:	3563	2	Diverse inntekter	3260000
Inntekt	Fastland	Inntekter under departementene	Kommunal- og distriktsdepartementet	-	Husleietvistutvalget:	3585	1	Gebyrer	3366000
Inntekt	Fastland	Inntekter under departementene	Kommunal- og distriktsdepartementet	-	Direktoratet for byggkvalitet:	3587	4	Gebyrer	40875000
Inntekt	Fastland	Inntekter under departementene	Kommunal- og distriktsdepartementet	-	Direktoratet for byggkvalitet:	3587	85	Diverse inntekter	115000
Inntekt	Fastland	Inntekter under departementene	Kommunal- og distriktsdepartementet	-	Statens kartverk:	3595	1	Gebyrinntekter tinglysing	464700000
Inntekt	Fastland	Inntekter under departementene	Kommunal- og distriktsdepartementet	-	Statens kartverk:	3595	2	Salg og abonnement m.m.	168074000
Inntekt	Fastland	Inntekter under departementene	Kommunal- og distriktsdepartementet	-	Statens kartverk:	3595	3	Samfinansiering	217840000
Inntekt	Fastland	Inntekter under departementene	Arbeids- og inkluderingsdepartementet	-	Arbeids- og velferdsetaten:	3605	1	Administrasjonsvederlag	11481000
Inntekt	Fastland	Inntekter under departementene	Arbeids- og inkluderingsdepartementet	-	Arbeids- og velferdsetaten:	3605	4	Tolketjenester	4887000
Inntekt	Fastland	Inntekter under departementene	Arbeids- og inkluderingsdepartementet	-	Arbeids- og velferdsetaten:	3605	5	Oppdragsinntekter mv.	21544000
Inntekt	Fastland	Inntekter under departementene	Arbeids- og inkluderingsdepartementet	-	Arbeidsmarkedstiltak:	3634	85	Innfordring av feilutbetalinger, arbeidsmarkedstiltak	5000000
Inntekt	Fastland	Inntekter under departementene	Arbeids- og inkluderingsdepartementet	-	Ventelønn mv.:	3635	1	Refusjon statlig virksomhet mv.	100000
Inntekt	Fastland	Inntekter under departementene	Arbeids- og inkluderingsdepartementet	-	Arbeidstilsynet:	3640	4	Kjemikaliekontroll, gebyrer	5580000
Inntekt	Fastland	Inntekter under departementene	Arbeids- og inkluderingsdepartementet	-	Arbeidstilsynet:	3640	6	Refusjoner	3902000
Inntekt	Fastland	Inntekter under departementene	Arbeids- og inkluderingsdepartementet	-	Arbeidstilsynet:	3640	7	Byggesaksbehandling, gebyrer	25678000
Inntekt	Fastland	Inntekter under departementene	Arbeids- og inkluderingsdepartementet	-	Arbeidstilsynet:	3640	8	Refusjon utgifter regionale verneombud	19409000
Inntekt	Fastland	Inntekter under departementene	Arbeids- og inkluderingsdepartementet	-	Arbeidstilsynet:	3640	85	Tvangsmulkt	7175000
Inntekt	Fastland	Inntekter under departementene	Arbeids- og inkluderingsdepartementet	-	Arbeidstilsynet:	3640	86	Overtredelsesgebyrer	29450000
Inntekt	Fastland	Inntekter under departementene	Arbeids- og inkluderingsdepartementet	-	Bosetting av flyktninger og tiltak for innvandrere:	3671	4	Tilskudd til integreringsprosjekter i asylmottak i regi av frivillige organisasjoner, ODA-godkjente utgifter	13265000
Inntekt	Fastland	Inntekter under departementene	Arbeids- og inkluderingsdepartementet	-	Opplæring i norsk og samfunnskunnskap for voksne innvandrere:	3672	1	Norskopplæring i mottak, ODA-godkjente utgifter	68726000
Inntekt	Fastland	Inntekter under departementene	Helse- og omsorgsdepartementet	-	Helse- og omsorgsdepartementet:	3700	3	Refusjon av ODA-godkjente utgifter fra Utenriksdepartementet	208200000
Inntekt	Fastland	Inntekter under departementene	Helse- og omsorgsdepartementet	-	Norsk helsearkiv:	3704	2	Diverse inntekter	3008000
Inntekt	Fastland	Inntekter under departementene	Helse- og omsorgsdepartementet	-	Vaksiner mv.:	3710	3	Vaksinesalg	340486000
Inntekt	Fastland	Inntekter under departementene	Helse- og omsorgsdepartementet	-	Folkehelse:	3714	4	Gebyrinntekter	24396000
Inntekt	Fastland	Inntekter under departementene	Regionale helseforetak:	-	Regionale helseforetak:	3732	85	Avdrag på investeringslån f.o.m. 2008	1151000000
Inntekt	Fastland	Inntekter under departementene	Regionale helseforetak:	-	Regionale helseforetak:	3732	87	Avdrag på tilskudd til Helseplattformen	91000000
Inntekt	Fastland	Inntekter under departementene	Regionale helseforetak:	-	Helsedirektoratet:	3740	2	Diverse inntekter	35104000
Inntekt	Fastland	Inntekter under departementene	Regionale helseforetak:	-	Helsedirektoratet:	3740	4	Gebyrinntekter	30986000
Inntekt	Fastland	Inntekter under departementene	Regionale helseforetak:	-	Helsedirektoratet:	3740	5	Helsetjenester til utenlandsboende mv.	66000000
Inntekt	Fastland	Inntekter under departementene	Regionale helseforetak:	-	Norsk pasientskadeerstatning:	3741	2	Diverse inntekter	7923000
Inntekt	Fastland	Inntekter under departementene	Regionale helseforetak:	-	Norsk pasientskadeerstatning:	3741	50	Premie fra private	26018000
Inntekt	Fastland	Inntekter under departementene	Regionale helseforetak:	-	Nasjonalt klageorgan for helsetjenesten:	3742	50	Premie fra private	5880000
Inntekt	Fastland	Inntekter under departementene	Regionale helseforetak:	-	Folkehelseinstituttet:	3745	2	Diverse inntekter	280244000
Inntekt	Fastland	Inntekter under departementene	Regionale helseforetak:	-	Direktoratet for medisinske produkter:	3746	2	Diverse inntekter	37166000
Inntekt	Fastland	Inntekter under departementene	Regionale helseforetak:	-	Direktoratet for medisinske produkter:	3746	4	Registreringsgebyr	83152000
Inntekt	Fastland	Inntekter under departementene	Regionale helseforetak:	-	Direktoratet for medisinske produkter:	3746	85	Overtredelsesgebyr og tvangsmulkt	2750000
Inntekt	Fastland	Inntekter under departementene	Regionale helseforetak:	-	Direktoratet for strålevern og atomsikkerhet:	3747	2	Diverse inntekter	15026000
Inntekt	Fastland	Inntekter under departementene	Regionale helseforetak:	-	Direktoratet for strålevern og atomsikkerhet:	3747	4	Gebyrinntekter	47163000
Inntekt	Fastland	Inntekter under departementene	Regionale helseforetak:	-	Statens helsetilsyn:	3748	2	Diverse inntekter	1084000
Inntekt	Fastland	Inntekter under departementene	Barne- og familiedepartementet	-	Samliv og konfliktløsning:	3841	1	Gebyrinntekter for fastsettelse av bidrag	26259000
Inntekt	Fastland	Inntekter under departementene	Barne- og familiedepartementet	-	Familievern:	3842	1	Diverse inntekter	898000
Inntekt	Fastland	Inntekter under departementene	Barne- og familiedepartementet	-	EUs ungdomsprogram:	3847	1	Tilskudd fra Europakommisjonen	5964000
Inntekt	Fastland	Inntekter under departementene	Barne- og familiedepartementet	-	Barneverns- og helsenemndene:	3853	1	Diverse inntekter	850000
Inntekt	Fastland	Inntekter under departementene	Barne- og familiedepartementet	-	Statlig forvaltning av barnevernet:	3855	1	Diverse inntekter	3676000
Inntekt	Fastland	Inntekter under departementene	Barne- og familiedepartementet	-	Statlig forvaltning av barnevernet:	3855	2	Barnetrygd	3959000
Inntekt	Fastland	Inntekter under departementene	Barne- og familiedepartementet	-	Statlig forvaltning av barnevernet:	3855	60	Kommunale egenandeler	2690308000
Inntekt	Fastland	Inntekter under departementene	Barne- og familiedepartementet	-	Barnevernets omsorgssenter for enslige, mindreårige asylsøkere:	3856	4	Refusjon av ODA-godkjente utgifter	277278000
Inntekt	Fastland	Inntekter under departementene	Barne- og familiedepartementet	-	Barnevernets omsorgssenter for enslige, mindreårige asylsøkere:	3856	60	Kommunale egenandeler	2805000
Inntekt	Fastland	Inntekter under departementene	Barne- og familiedepartementet	-	Barne-, ungdoms- og familiedirektoratet og fellesfunksjoner i Barne-, ungdoms- og familieetaten:	3858	1	Diverse inntekter	590000
Inntekt	Fastland	Inntekter under departementene	Barne- og familiedepartementet	-	Forbrukertilsynet:	3868	1	Gebyrinntekter	3000000
Inntekt	Fastland	Inntekter under departementene	Barne- og familiedepartementet	-	Forbrukertilsynet:	3868	2	Tilskudd	2849000
Inntekt	Fastland	Inntekter under departementene	Barne- og familiedepartementet	-	Kirkebevaringsfondet:	3883	50	Overført fra Kirkebevaringsfondet	100000000
Inntekt	Fastland	Inntekter under departementene	Nærings- og fiskeridepartementet	-	Nærings- og fiskeridepartementet:	3900	1	Ymse inntekter og refusjoner knyttet til ordinære driftsutgifter	204000
Inntekt	Fastland	Inntekter under departementene	Nærings- og fiskeridepartementet	-	Nærings- og fiskeridepartementet:	3900	3	Inntekter fra forvaltning av grunneiendom på Svalbard	10877000
Inntekt	Fastland	Inntekter under departementene	Nærings- og fiskeridepartementet	-	Justervesenet:	3902	1	Gebyrinntekter	22630000
Inntekt	Fastland	Inntekter under departementene	Nærings- og fiskeridepartementet	-	Justervesenet:	3902	3	Inntekter fra salg av tjenester	27315000
Inntekt	Fastland	Inntekter under departementene	Nærings- og fiskeridepartementet	-	Justervesenet:	3902	4	Oppdragsinntekter	109000
Inntekt	Fastland	Inntekter under departementene	Nærings- og fiskeridepartementet	-	Norsk akkreditering:	3903	1	Gebyrinntekter og andre inntekter	59691000
Inntekt	Fastland	Inntekter under departementene	Nærings- og fiskeridepartementet	-	Brønnøysundregistrene:	3904	1	Gebyrinntekter	644614000
Inntekt	Fastland	Inntekter under departementene	Nærings- og fiskeridepartementet	-	Brønnøysundregistrene:	3904	2	Refusjoner, oppdragsinntekter og andre inntekter	35854000
Inntekt	Fastland	Inntekter under departementene	Nærings- og fiskeridepartementet	-	Norges geologiske undersøkelse:	3905	3	Oppdragsinntekter og andre inntekter	81248000
Inntekt	Fastland	Inntekter under departementene	Nærings- og fiskeridepartementet	-	Direktoratet for mineralforvaltning med Bergmesteren for Svalbard:	3906	1	Leie av bergrettigheter og eiendommer	100000
Inntekt	Fastland	Inntekter under departementene	Nærings- og fiskeridepartementet	-	Direktoratet for mineralforvaltning med Bergmesteren for Svalbard:	3906	2	Behandlingsgebyrer	1500000
Inntekt	Fastland	Inntekter under departementene	Nærings- og fiskeridepartementet	-	Direktoratet for mineralforvaltning med Bergmesteren for Svalbard:	3906	86	Overtredelsesgebyr og tvangsmulkt	1000000
Inntekt	Fastland	Inntekter under departementene	Nærings- og fiskeridepartementet	-	Tiltak for sysselsetting av sjøfolk:	3909	1	Tilbakeføring av tilskudd	3000000
Inntekt	Fastland	Inntekter under departementene	Nærings- og fiskeridepartementet	-	Sjøfartsdirektoratet:	3910	1	Gebyrer for skip og flyttbare innretninger i NOR	260707000
Inntekt	Fastland	Inntekter under departementene	Nærings- og fiskeridepartementet	-	Sjøfartsdirektoratet:	3910	2	Maritime personellsertifikater	22903000
Inntekt	Fastland	Inntekter under departementene	Nærings- og fiskeridepartementet	-	Sjøfartsdirektoratet:	3910	3	Diverse inntekter	542000
Inntekt	Fastland	Inntekter under departementene	Nærings- og fiskeridepartementet	-	Sjøfartsdirektoratet:	3910	4	Gebyrer for skip i NIS	72037000
Inntekt	Fastland	Inntekter under departementene	Nærings- og fiskeridepartementet	-	Sjøfartsdirektoratet:	3910	86	Overtredelsesgebyr og tvangsmulkt	4800000
Inntekt	Fastland	Inntekter under departementene	Nærings- og fiskeridepartementet	-	Konkurransetilsynet:	3911	3	Refusjoner og andre inntekter	217000
Inntekt	Fastland	Inntekter under departementene	Nærings- og fiskeridepartementet	-	Konkurransetilsynet:	3911	86	Lovbruddsgebyr	100000
Inntekt	Fastland	Inntekter under departementene	Nærings- og fiskeridepartementet	-	Klagenemndssekretariatet:	3912	1	Klagegebyr	715000
Inntekt	Fastland	Inntekter under departementene	Nærings- og fiskeridepartementet	-	Klagenemndssekretariatet:	3912	2	Refusjoner og andre inntekter	217000
Inntekt	Fastland	Inntekter under departementene	Nærings- og fiskeridepartementet	-	Klagenemndssekretariatet:	3912	87	Overtredelsesgebyr	100000
Inntekt	Fastland	Inntekter under departementene	Nærings- og fiskeridepartementet	-	Kystverket:	3916	2	Andre inntekter	11529000
Inntekt	Fastland	Inntekter under departementene	Nærings- og fiskeridepartementet	-	Fiskeridirektoratet:	3917	1	Diverse inntekter	1301000
Inntekt	Fastland	Inntekter under departementene	Nærings- og fiskeridepartementet	-	Fiskeridirektoratet:	3917	5	Saksbehandlingsgebyr	41571000
Inntekt	Fastland	Inntekter under departementene	Nærings- og fiskeridepartementet	-	Fiskeridirektoratet:	3917	86	Forvaltningssanksjoner	4000000
Inntekt	Fastland	Inntekter under departementene	Nærings- og fiskeridepartementet	-	Havforskningsinstituttet:	3923	1	Oppdragsinntekter	481816000
Inntekt	Fastland	Inntekter under departementene	Nærings- og fiskeridepartementet	-	Havforskningsinstituttet:	3923	2	Oppdragsinntekter forskningsfartøy	211226000
Inntekt	Fastland	Inntekter under departementene	Nærings- og fiskeridepartementet	-	Patentstyret:	3935	1	Inntekter av informasjonstjenester	5228000
Inntekt	Fastland	Inntekter under departementene	Nærings- og fiskeridepartementet	-	Patentstyret:	3935	2	Inntekter knyttet til NPI	5386000
Inntekt	Fastland	Inntekter under departementene	Nærings- og fiskeridepartementet	-	Patentstyret:	3935	3	Gebyrer immaterielle rettigheter	148045000
Inntekt	Fastland	Inntekter under departementene	Nærings- og fiskeridepartementet	-	Klagenemnda for industrielle rettigheter:	3936	1	Gebyrer	559000
Inntekt	Fastland	Inntekter under departementene	Nærings- og fiskeridepartementet	-	Forvaltning av statlig eierskap:	3950	50	Tilbakeføring av tapsavsetning for lån til Norwegian Air Shuttle ASA	1214000000
Inntekt	Fastland	Inntekter under departementene	Landbruks- og matdepartementet	-	Landbruks- og matdepartementet:	4100	1	Refusjoner m.m.	146000
Inntekt	Fastland	Inntekter under departementene	Landbruks- og matdepartementet	-	Mattilsynet:	4115	1	Gebyr m.m.	225795000
Inntekt	Fastland	Inntekter under departementene	Landbruks- og matdepartementet	-	Mattilsynet:	4115	2	Driftsinntekter og refusjoner m.m.	6651000
Inntekt	Fastland	Inntekter under departementene	Landbruks- og matdepartementet	-	Mattilsynet:	4115	85	Gebyr og tvangsmulkt, m.m.	7000000
Inntekt	Fastland	Inntekter under departementene	Landbruks- og matdepartementet	-	Norsk institutt for bioøkonomi:	4136	30	Husleie	21437000
Inntekt	Fastland	Inntekter under departementene	Landbruks- og matdepartementet	-	Høstbare viltressurser - jegerprøve, tilskudd til organisasjoner m.m.:	4141	1	Jegerprøve, gebyr m.m.	4680000
Inntekt	Fastland	Inntekter under departementene	Landbruks- og matdepartementet	-	Landbruksdirektoratet:	4142	1	Driftsinntekter, refusjoner m.m.	52381000
Inntekt	Fastland	Inntekter under departementene	Landbruks- og matdepartementet	-	Til gjennomføring av jordbruksavtalen m.m.:	4150	85	Markedsordningen for korn	50000
Inntekt	Fastland	Inntekter under departementene	Samferdselsdepartementet	-	Samferdselsdepartementet:	4300	1	Refusjon fra Utenriksdepartementet	850000
Inntekt	Fastland	Inntekter under departementene	Samferdselsdepartementet	-	Luftfartstilsynet:	4313	1	Gebyrinntekter	154700000
Inntekt	Fastland	Inntekter under departementene	Samferdselsdepartementet	-	Statens vegvesen:	4320	1	Salgsinntekter m.m.	166700000
Inntekt	Fastland	Inntekter under departementene	Samferdselsdepartementet	-	Statens vegvesen:	4320	2	Diverse gebyrer	475900000
Inntekt	Fastland	Inntekter under departementene	Samferdselsdepartementet	-	Statens vegvesen:	4320	3	Refusjoner fra forsikringsselskaper	136300000
Inntekt	Fastland	Inntekter under departementene	Samferdselsdepartementet	-	Statens vegvesen:	4320	4	Billettinntekter fra riksveiferjedriften	735000000
Inntekt	Fastland	Inntekter under departementene	Samferdselsdepartementet	-	Særskilte transporttiltak:	4330	1	Gebyrer	22100000
Inntekt	Fastland	Inntekter under departementene	Samferdselsdepartementet	-	Jernbanedirektoratet:	4352	1	Diverse inntekter	6100000
Inntekt	Fastland	Inntekter under departementene	Samferdselsdepartementet	-	Statens jernbanetilsyn:	4354	1	Gebyrer for tilsyn med tau- og kabelbaner og fornøyelsesinnretninger	15600000
Inntekt	Fastland	Inntekter under departementene	Klima- og miljødepartementet	-	Klima- og miljødepartementet:	4400	3	Refusjon fra Utenriksdepartementet	37405000
Inntekt	Fastland	Inntekter under departementene	Klima- og miljødepartementet	-	Miljødirektoratet:	4420	1	Oppdrag og andre diverse inntekter	6976000
Inntekt	Fastland	Inntekter under departementene	Klima- og miljødepartementet	-	Miljødirektoratet:	4420	4	Gebyrer, forurensningsområdet hos Miljødirektoratet	89045000
Inntekt	Fastland	Inntekter under departementene	Klima- og miljødepartementet	-	Miljødirektoratet:	4420	6	Gebyrer, forurensningsområdet hos statsforvalterembetene	53590000
Inntekt	Fastland	Inntekter under departementene	Klima- og miljødepartementet	-	Miljødirektoratet:	4420	7	Gebyrer, kvotesystemet	47625000
Inntekt	Fastland	Inntekter under departementene	Klima- og miljødepartementet	-	Miljødirektoratet:	4420	9	Internasjonale oppdrag	41048000
Inntekt	Fastland	Inntekter under departementene	Klima- og miljødepartementet	-	Radioaktiv forurensning i det ytre miljø:	4423	1	Gebyrer, radioaktiv forurensning	1170000
Inntekt	Fastland	Inntekter under departementene	Klima- og miljødepartementet	-	Riksantikvaren:	4429	2	Refusjoner og diverse inntekter	763000
Inntekt	Fastland	Inntekter under departementene	Klima- og miljødepartementet	-	Riksantikvaren:	4429	9	Internasjonale oppdrag	4360000
Inntekt	Fastland	Inntekter under departementene	Klima- og miljødepartementet	-	Norsk Polarinstitutt:	4471	1	Salgs- og utleieinntekter	7605000
Inntekt	Fastland	Inntekter under departementene	Klima- og miljødepartementet	-	Norsk Polarinstitutt:	4471	3	Inntekter fra diverse tjenesteyting	75737000
Inntekt	Fastland	Inntekter under departementene	Klima- og miljødepartementet	-	Norsk Polarinstitutt:	4471	21	Inntekter, Antarktis	16658000
Inntekt	Fastland	Inntekter under departementene	Klima- og miljødepartementet	-	Salg av klimakvoter:	4481	1	Salgsinntekter	3135116000
Inntekt	Fastland	Inntekter under departementene	Digitaliserings- og forvaltningsdepartementet	-	Departementenes sikkerhets- og serviceorganisasjon:	4510	2	Diverse inntekter	45376000
Inntekt	Fastland	Inntekter under departementene	Digitaliserings- og forvaltningsdepartementet	-	Departementenes sikkerhets- og serviceorganisasjon:	4510	3	Brukerbetaling	43037000
Inntekt	Fastland	Inntekter under departementene	Digitaliserings- og forvaltningsdepartementet	-	Departementenes digitaliseringsorganisasjon:	4515	1	Diverse inntekter	600000
Inntekt	Fastland	Inntekter under departementene	Digitaliserings- og forvaltningsdepartementet	-	Departementenes digitaliseringsorganisasjon:	4515	2	Brukerbetalinger	33200000
Inntekt	Fastland	Inntekter under departementene	Digitaliserings- og forvaltningsdepartementet	-	Statsforvalterne:	4520	1	Inntekter ved oppdrag	92431000
Inntekt	Fastland	Inntekter under departementene	Digitaliserings- og forvaltningsdepartementet	-	Eiendommer utenfor husleieordningen:	4533	2	Diverse inntekter	5570000
Inntekt	Fastland	Inntekter under departementene	Digitaliserings- og forvaltningsdepartementet	-	Digitaliseringsdirektoratet:	4540	3	Diverse inntekter	2372000
Inntekt	Fastland	Inntekter under departementene	Digitaliserings- og forvaltningsdepartementet	-	Digitaliseringsdirektoratet:	4540	5	Bruk av nasjonale fellesløsninger	200600000
Inntekt	Fastland	Inntekter under departementene	Digitaliserings- og forvaltningsdepartementet	-	Digitaliseringsdirektoratet:	4540	7	Tjenesteeierfinansiert drift av Altinn	150000000
Inntekt	Fastland	Inntekter under departementene	Digitaliserings- og forvaltningsdepartementet	-	Internasjonalt samarbeid:	4542	1	Refusjon fra Utenriksdepartementet	3335000
Inntekt	Fastland	Inntekter under departementene	Digitaliserings- og forvaltningsdepartementet	-	Nasjonal kommunikasjonsmyndighet:	4543	1	Diverse gebyrer	334000
Inntekt	Fastland	Inntekter under departementene	Digitaliserings- og forvaltningsdepartementet	-	Nasjonal kommunikasjonsmyndighet:	4543	70	Inntekter fra gjennomførte frekvensauksjoner	887100000
Inntekt	Fastland	Inntekter under departementene	Digitaliserings- og forvaltningsdepartementet	-	Boliglånsordningen i Statens pensjonskasse:	4565	1	Gebyrinntekter, lån	46000000
Inntekt	Fastland	Inntekter under departementene	Digitaliserings- og forvaltningsdepartementet	-	Yrkesskadeforsikring:	4566	1	Premieinntekter	89000000
Inntekt	Fastland	Inntekter under departementene	Digitaliserings- og forvaltningsdepartementet	-	Gruppelivsforsikring:	4567	1	Premieinntekter	146000000
Inntekt	Fastland	Inntekter under departementene	Finansdepartementet	-	Finansdepartementet:	4600	2	Diverse refusjoner	50000
Inntekt	Fastland	Inntekter under departementene	Finansdepartementet	-	Finanstilsynet:	4602	3	Saksbehandlingsgebyr	18700000
Inntekt	Fastland	Inntekter under departementene	Finansdepartementet	-	Finanstilsynet:	4602	86	Vinningsavståelse og overtredelsesgebyr mv.	500000
Inntekt	Fastland	Inntekter under departementene	Finansdepartementet	-	Direktoratet for forvaltning og økonomistyring:	4605	1	Økonomitjenester og andre driftsinntekter	282112000
Inntekt	Fastland	Inntekter under departementene	Finansdepartementet	-	Direktoratet for forvaltning og økonomistyring:	4605	2	Opplæringskontoret OK stat	20080000
Inntekt	Fastland	Inntekter under departementene	Finansdepartementet	-	Tolletaten:	4610	1	Særskilt vederlag for tolltjenester	6950000
Inntekt	Fastland	Inntekter under departementene	Finansdepartementet	-	Tolletaten:	4610	2	Andre inntekter	2492000
Inntekt	Fastland	Inntekter under departementene	Finansdepartementet	-	Tolletaten:	4610	4	Diverse refusjoner	1193000
Inntekt	Fastland	Inntekter under departementene	Finansdepartementet	-	Tolletaten:	4610	5	Refusjon fra Avinor AS	31430000
Inntekt	Fastland	Inntekter under departementene	Finansdepartementet	-	Tolletaten:	4610	85	Tvangsmulkt og overtredelsesgebyr	12500000
Inntekt	Fastland	Inntekter under departementene	Finansdepartementet	-	Skatteetaten:	4618	1	Refunderte utleggs- og tinglysingsgebyr	23500000
Inntekt	Fastland	Inntekter under departementene	Finansdepartementet	-	Skatteetaten:	4618	3	Andre inntekter	7044000
Inntekt	Fastland	Inntekter under departementene	Finansdepartementet	-	Skatteetaten:	4618	5	Gebyr for utleggsforretninger	64000000
Inntekt	Fastland	Inntekter under departementene	Finansdepartementet	-	Skatteetaten:	4618	7	Gebyr for bindende forhåndsuttalelser	5000000
Inntekt	Fastland	Inntekter under departementene	Finansdepartementet	-	Skatteetaten:	4618	11	Gebyr på kredittdeklarasjoner	3360000
Inntekt	Fastland	Inntekter under departementene	Finansdepartementet	-	Skatteetaten:	4618	85	Inngått på tapsførte lån mv.	300000000
Inntekt	Fastland	Inntekter under departementene	Finansdepartementet	-	Skatteetaten:	4618	86	Bøter, inndragninger mv.	2000000000
Inntekt	Fastland	Inntekter under departementene	Finansdepartementet	-	Skatteetaten:	4618	87	Trafikantsanksjoner	70000000
Inntekt	Fastland	Inntekter under departementene	Finansdepartementet	-	Skatteetaten:	4618	88	Forsinkelsesgebyr, Regnskapsregisteret	300000000
Inntekt	Fastland	Inntekter under departementene	Finansdepartementet	-	Skatteetaten:	4618	89	Overtredelsesgebyr og tvangsmulkt	5000000
Inntekt	Fastland	Inntekter under departementene	Finansdepartementet	-	Statistisk sentralbyrå:	4620	2	Oppdragsinntekter	247103000
Inntekt	Fastland	Inntekter under departementene	Finansdepartementet	-	Statistisk sentralbyrå:	4620	85	Tvangsmulkt	10000000
Inntekt	Fastland	Inntekter under departementene	Forsvarsdepartementet	-	Forsvarsdepartementet:	4700	1	Driftsinntekter	13245000
Inntekt	Fastland	Inntekter under departementene	Forsvarsdepartementet	-	Forsvarsbygg og nybygg og nyanlegg:	4710	1	Driftsinntekter	6246013000
Inntekt	Fastland	Inntekter under departementene	Forsvarsdepartementet	-	Forsvarsbygg og nybygg og nyanlegg:	4710	47	Salg av eiendom	97690000
Inntekt	Fastland	Inntekter under departementene	Forsvarsdepartementet	-	Forsvaret:	4720	1	Driftsinntekter	1042384000
Inntekt	Fastland	Inntekter under departementene	Forsvarsdepartementet	-	Forsvarshistorisk museum:	4730	1	Driftsinntekter	12500000
Inntekt	Fastland	Inntekter under departementene	Forsvarsdepartementet	-	Statens graderte plattformtjenester:	4740	1	Driftsinntekter	212776000
Inntekt	Fastland	Inntekter under departementene	Forsvarsdepartementet	-	Forsvarsmateriell og større anskaffelser og vedlikehold:	4760	1	Driftsinntekter	36324000
Inntekt	Fastland	Inntekter under departementene	Forsvarsdepartementet	-	Forsvarsmateriell og større anskaffelser og vedlikehold:	4760	45	Større utstyrsanskaffelser og vedlikehold, inntekter	1592839000
Inntekt	Fastland	Inntekter under departementene	Forsvarsdepartementet	-	Forsvarsmateriell og større anskaffelser og vedlikehold:	4760	48	Fellesfinansierte investeringer, inntekter	650000000
Inntekt	Fastland	Inntekter under departementene	Forsvarsdepartementet	-	Redningshelikoptertjenesten:	4791	1	Driftsinntekter	482425000
Inntekt	Fastland	Inntekter under departementene	Forsvarsdepartementet	-	Militære bøter:	4799	86	Militære bøter	500000
Inntekt	Fastland	Inntekter under departementene	Energidepartementet	-	Energidepartementet:	4800	70	Garantiprovisjon, Gassco	2200000
Inntekt	Fastland	Inntekter under departementene	Energidepartementet	-	Sokkeldirektoratet:	4810	1	Gebyrinntekter	31900000
Inntekt	Fastland	Inntekter under departementene	Energidepartementet	-	Sokkeldirektoratet:	4810	2	Oppdrags- og samarbeidsinntekter	47500000
Inntekt	Fastland	Inntekter under departementene	Energidepartementet	-	Norges vassdrags- og energidirektorat:	4820	1	Gebyrinntekter	10000000
Inntekt	Fastland	Inntekter under departementene	Energidepartementet	-	Norges vassdrags- og energidirektorat:	4820	2	Oppdrags- og samarbeidsinntekter	60000000
Inntekt	Fastland	Inntekter under departementene	Energidepartementet	-	Norges vassdrags- og energidirektorat:	4820	40	Flom- og skredforebygging	20000000
Inntekt	Fastland	Inntekter under departementene	Energidepartementet	-	Havindustritilsynet:	4860	1	Gebyrinntekter	89000000
Inntekt	Fastland	Inntekter under departementene	Energidepartementet	-	Havindustritilsynet:	4860	2	Oppdrags- og samarbeidsinntekter	4000000
Inntekt	Sokkelen	Petroleumsinntekter	Inntekter fra statlig petroleumsvirksomhet	-	Statens direkte økonomiske engasjement i petroleumsvirksomheten:	5440		5 Renter av statens kapital	219000000000
Inntekt	Sokkelen	Petroleumsinntekter	Inntekter fra statlig petroleumsvirksomhet	-	Statens direkte økonomiske engasjement i petroleumsvirksomheten:	5440	30	Avskrivninger	32100000000
Inntekt	Sokkelen	Petroleumsinntekter	Inntekter fra statlig petroleumsvirksomhet	-	Statens direkte økonomiske engasjement i petroleumsvirksomheten:	5440	80	Renter av statens kapital	5000000000
Inntekt	Fastland	Renter og utbytte mv.	Renter	Renter av kontantbeholdning og andre fordringer	Statens direkte økonomiske engasjement i petroleumsvirksomheten:	5440	80	Renter på investeringslån	1545000000
Inntekt	Fastland	Renter og utbytte mv.	Overføring fra Statens pensjonsfond Norge:	Overføring fra Statens pensjonsfond Norge:	Overføring fra Statens pensjonsfond Norge:	5600	85	Overføring fra Statens pensjonsfond Norge	11700000000
Inntekt	Fastland	Renter og utbytte mv.	Renter	Renter av kontantbeholdning og andre fordringer	Renter av statskassens kontantbeholdning og andre fordringer:	5605	80	Av statskassens foliokonto i Norges Bank	10465000000
Inntekt	Fastland	Renter og utbytte mv.	Renter	Renter av kontantbeholdning og andre fordringer	Renter av statskassens kontantbeholdning og andre fordringer:	5605	81	Av verdipapirer og bankinnskudd i utenlandsk valuta	200000
Inntekt	Fastland	Renter og utbytte mv.	Renter	Renter av kontantbeholdning og andre fordringer	Renter av statskassens kontantbeholdning og andre fordringer:	5605	82	Av innenlandske verdipapirer	1859300000
Inntekt	Fastland	Renter og utbytte mv.	Renter	Renter av kontantbeholdning og andre fordringer	Renter av statskassens kontantbeholdning og andre fordringer:	5605	83	Av alminnelige fordringer	60000000
Inntekt	Fastland	Renter og utbytte mv.	Renter	Renter av kontantbeholdning og andre fordringer	Renter av statskassens kontantbeholdning og andre fordringer:	5605	84	Av driftskreditt til statsbedrifter	3163200000
Inntekt	Fastland	Renter og utbytte mv.	Renter	Renter av kontantbeholdning og andre fordringer	Renter av boliglånsordningen i Statens pensjonskasse:	5607	80	Renter	3944000000
Inntekt	Fastland	Renter og utbytte mv.	Renter	Renter av kontantbeholdning og andre fordringer	Renter under Norwegian Air Shuttle ASA:	5609	80	Renter	96000000
Inntekt	Fastland	Renter og utbytte mv.	Renter	Renter av kontantbeholdning og andre fordringer	Renter fra Store Norske Spitsbergen Kulkompani AS:	5612	80	Renter	33200000
Inntekt	Fastland	Renter og utbytte mv.	Renter fra Statsbankene	-	Renter fra Siva SF:	5613	80	Renter	10200000
Inntekt	Fastland	Renter og utbytte mv.	Renter fra Statsbankene	-	Husbanken:	5615	80	Renter	7636000000
Inntekt	Fastland	Renter og utbytte mv.	Utbytte ekskl. Equinor ASA	-	Kommunalbanken AS:	5616	85	Aksjeutbytte	700000000
Inntekt	Fastland	Renter og utbytte mv.	Renter fra Statsbankene	-	Renter fra Statens lånekasse for utdanning:	5617	80	Renter	13837239000
Inntekt	Fastland	Renter og utbytte mv.	Renter fra Statsbankene	-	Renter og utbytte fra Innovasjon Norge:	5625	80	Renter på lån fra statskassen	720000000
Inntekt	Fastland	Renter og utbytte mv.	Renter fra Statsbankene	-	Renter og utbytte fra Innovasjon Norge:	5625	81	Rentemargin, innovasjonslåneordningen	23000000
Inntekt	Fastland	Renter og utbytte mv.	Renter fra Statsbankene	-	Renter og utbytte fra Innovasjon Norge:	5625	82	Låneordning for pakkereisearrangører - renter	1500000
Inntekt	Fastland	Renter og utbytte mv.	Utbytte ekskl. Equinor ASA	-	Renter og utbytte fra Innovasjon Norge:	5625	85	Utbytte, lavrisikolåneordningen	70000000
Inntekt	Fastland	Renter og utbytte mv.	Renter	Renter av kontantbeholdning og andre fordringer	Renter av lån til Institutt for energiteknikk:	5626	80	Renter	4800000
Inntekt	Fastland	Renter og utbytte mv.	Renter fra Statsbankene	-	Renter fra eksportkredittordningen:	5629	80	Renter	1040000000
Inntekt	Fastland	Renter og utbytte mv.	Utbytte ekskl. Equinor ASA	-	Aksjer i AS Vinmonopolet:	5631	85	Statens overskuddsandel	79500000
Inntekt	Fastland	Renter og utbytte mv.	Utbytte ekskl. Equinor ASA	-	Aksjer i AS Vinmonopolet:	5631	86	Utbytte	2000
Inntekt	Fastland	Renter og utbytte mv.	Utbytte ekskl. Equinor ASA	-	Electronic Chart Centre AS:	5635	85	Utbytte	3000000
Inntekt	Fastland	Renter og utbytte mv.	Renter	Renter av kontantbeholdning og andre fordringer	Statskog SF - renter og utbytte:	5652	80	Renter	14800000
Inntekt	Fastland	Renter og utbytte mv.	Utbytte ekskl. Equinor ASA	-	Statskog SF - renter og utbytte:	5652	85	Utbytte	29000000
Inntekt	Fastland	Renter og utbytte mv.	Utbytte ekskl. Equinor ASA	-	Aksjer under Nærings- og fiskeridepartementets forvaltning:	5656	85	Utbytte	28699000000
Inntekt	Fastland	Renter og utbytte mv.	Utbytte ekskl. Equinor ASA	-	Statnett SF:	5680	85	Utbytte	1660000000
Inntekt	Sokkelen	Renter og utbytte mv.	Aksjeutbytte fra Equinor ASA	-	Aksjer i Equinor ASA:	5685	85	Utbytte	27768100000
Inntekt	Fastland	Renter og utbytte mv.	Utbytte ekskl. Equinor ASA	-	Utbytte av statens kapital i Den nordiske investeringsbank:	5692	85	Utbytte	64400000
Inntekt	Fastland	Renter og utbytte mv.	Utbytte ekskl. Equinor ASA	-	Utbytte av aksjer i diverse selskaper mv.:	5693	85	Utbytte fra Folketrygdfondet	1652000
Inntekt	Fastland	Renter og utbytte mv.	Renter	Renter av kontantbeholdning og andre fordringer	Folketrygden	5693	80	Renter	1000000
Inntekt	Fastland	Skatter og avgifter fra Fastlands-Norge	Skatter og avgifter	Skatter på formue og inntekt:	Skatter på formue og inntekt:	5501	70	Trinnskatt og formuesskatt mv.	136185500000
Inntekt	Fastland	Skatter og avgifter fra Fastlands-Norge	Skatter og avgifter	Skatter på formue og inntekt:	Skatter på formue og inntekt:	5501	72	Fellesskatt mv. fra personlige skattytere	151487500000
Inntekt	Fastland	Skatter og avgifter fra Fastlands-Norge	Skatter og avgifter	Skatter på formue og inntekt:	Skatter på formue og inntekt:	5501	74	Selskapsskatter mv. fra upersonlige skattytere utenom petroleum	129100000000
Inntekt	Fastland	Skatter og avgifter fra Fastlands-Norge	Skatter og avgifter	Skatter på formue og inntekt:	Skatter på formue og inntekt:	5501	76	Kildeskatt på utbytte	13250000000
Inntekt	Fastland	Skatter og avgifter fra Fastlands-Norge	Skatter og avgifter	Skatter på formue og inntekt:	Skatter på formue og inntekt:	5501	77	Kildeskatt på rentebetalinger	25000000
Inntekt	Fastland	Skatter og avgifter fra Fastlands-Norge	Skatter og avgifter	Skatter på formue og inntekt:	Skatter på formue og inntekt:	5501	78	Kildeskatt på royaltybetalinger	300000
Inntekt	Fastland	Skatter og avgifter fra Fastlands-Norge	Skatter og avgifter	Skatter på formue og inntekt:	Skatter på formue og inntekt:	5501	79	Kildeskatt på leiebetalinger for visse fysiske eiendeler	15000000
Inntekt	Fastland	Skatter og avgifter fra Fastlands-Norge	Skatter og avgifter	Skatter på formue og inntekt:	Skatter på formue og inntekt:	5502	70	Skatt på lønn	2704000000
Inntekt	Fastland	Skatter og avgifter fra Fastlands-Norge	Skatter og avgifter	Skatter på formue og inntekt:	Skatter på formue og inntekt:	5502	71	Skatt på overskudd	2400000000
Inntekt	Fastland	Skatter og avgifter fra Fastlands-Norge	Skatter og avgifter	Tollavgiftsinntekter	Tollavgiftsinntekter:	5511	70	Tollavgift	3550000000
Inntekt	Fastland	Skatter og avgifter fra Fastlands-Norge	Skatter og avgifter	Tollavgiftsinntekter	Tollavgiftsinntekter:	5511	71	Auksjonsinntekter fra tollkvoter	300000000
Inntekt	Fastland	Skatter og avgifter fra Fastlands-Norge	Skatter og avgifter	Merverdiavgift	Merverdiavgift:	5521	70	Merverdiavgift	409258000000
Inntekt	Fastland	Skatter og avgifter fra Fastlands-Norge	Skatter og avgifter	Avgifter på alkohol	Avgift på alkohol:	5526	70	Avgift på alkohol	16800000000
Inntekt	Fastland	Skatter og avgifter fra Fastlands-Norge	Skatter og avgifter	Avgifter på tobakksvarer	Avgift på tobakksvarer mv.:	5531	70	Avgift på tobakksvarer mv.	7600000000
Inntekt	Fastland	Skatter og avgifter fra Fastlands-Norge	Skatter og avgifter	Avgifter på motorvogner	Avgift på motorvogner mv.:	5536	71	Engangsavgift	6500000000
Inntekt	Fastland	Skatter og avgifter fra Fastlands-Norge	Skatter og avgifter	Avgifter på motorvogner	Avgift på motorvogner mv.:	5536	72	Avgift på trafikkforsikring	10190000000
Inntekt	Fastland	Skatter og avgifter fra Fastlands-Norge	Skatter og avgifter	Avgifter på motorvogner	Avgift på motorvogner mv.:	5536	73	Vektårsavgift	290000000
Inntekt	Fastland	Skatter og avgifter fra Fastlands-Norge	Skatter og avgifter	Avgifter på motorvogner	Avgift på motorvogner mv.:	5536	75	Omregistreringsavgift	1850000000
Inntekt	Fastland	Skatter og avgifter fra Fastlands-Norge	Skatter og avgifter	Andre avgifter	Veibruksavgift på drivstoff:	5538	70	Veibruksavgift på bensin	3280000000
Inntekt	Fastland	Skatter og avgifter fra Fastlands-Norge	Skatter og avgifter	Andre avgifter	Veibruksavgift på drivstoff:	5538	71	Veibruksavgift på autodiesel	6520000000
Inntekt	Fastland	Skatter og avgifter fra Fastlands-Norge	Skatter og avgifter	Andre avgifter	Veibruksavgift på drivstoff:	5538	72	Veibruksavgift på naturgass og LPG	4000000
Inntekt	Fastland	Skatter og avgifter fra Fastlands-Norge	Skatter og avgifter	Andre avgifter	Avgift på elektrisk kraft:	5541	70	Avgift på elektrisk kraft	10803000000
Inntekt	Fastland	Skatter og avgifter fra Fastlands-Norge	Skatter og avgifter	Andre avgifter	Avgift på mineralolje mv.:	5542	71	Avgift på smøreolje mv.	120000000
Inntekt	Fastland	Skatter og avgifter fra Fastlands-Norge	Skatter og avgifter	Andre avgifter	Miljøavgift på mineralske produkter mv.:	5543	70	CO2-avgift	18437000000
Inntekt	Fastland	Skatter og avgifter fra Fastlands-Norge	Skatter og avgifter	Andre avgifter	Miljøavgift på mineralske produkter mv.:	5543	71	Svovelavgift	10000000
Inntekt	Fastland	Skatter og avgifter fra Fastlands-Norge	Skatter og avgifter	Andre avgifter	Avgift på avfallsforbrenning:	5546	70	Avgift på avfallsforbrenning	695000000
Inntekt	Fastland	Skatter og avgifter fra Fastlands-Norge	Skatter og avgifter	Andre avgifter	Miljøavgift på visse klimagasser:	5548	70	Avgift på hydrofluorkarboner (HFK) og perfluorkarboner (PFK)	355000000
Inntekt	Fastland	Skatter og avgifter fra Fastlands-Norge	Skatter og avgifter	Andre avgifter	Miljøavgift på visse klimagasser:	5548	71	Avgift på SF6	60000000
Inntekt	Fastland	Skatter og avgifter fra Fastlands-Norge	Skatter og avgifter	Andre avgifter	Avgift på NOX:	5549	70	Avgift på NOX	30000000
Inntekt	Fastland	Skatter og avgifter fra Fastlands-Norge	Skatter og avgifter	Andre avgifter	Miljøavgift på plantevernmidler:	5550	70	Miljøavgift på plantevernmidler	65000000
Inntekt	Fastland	Skatter og avgifter fra Fastlands-Norge	Skatter og avgifter	Andre avgifter	Avgifter knyttet til mineralvirksomhet:	5551	70	Avgift på undersjøisk utnyttelse mv. av kalkstein	1300000
Inntekt	Fastland	Skatter og avgifter fra Fastlands-Norge	Skatter og avgifter	Andre avgifter	Avgifter knyttet til mineralvirksomhet:	5551	71	Årsavgift knyttet til mineraler	20000000
Inntekt	Fastland	Skatter og avgifter fra Fastlands-Norge	Skatter og avgifter	Andre avgifter	Avgift på oppdrettsfisk:	5552	70	Avgift på oppdrettsfisk	1350000000
Inntekt	Fastland	Skatter og avgifter fra Fastlands-Norge	Skatter og avgifter	Andre avgifter	Avgift på viltlevende marine ressurser:	5553	70	Avgift på viltlevende marine ressurser	130000000
Inntekt	Fastland	Skatter og avgifter fra Fastlands-Norge	Skatter og avgifter	Andre avgifter	Avgift på vindkraft:	5554	70	Avgift på vindkraft	395000000
Inntekt	Fastland	Skatter og avgifter fra Fastlands-Norge	Skatter og avgifter	Andre avgifter	Avgift på sukker mv.:	5557	70	Avgift på sukker mv.	200000000
Inntekt	Fastland	Skatter og avgifter fra Fastlands-Norge	Skatter og avgifter	Andre avgifter	Avgift på drikkevareemballasje:	5559	70	Grunnavgift på engangsemballasje	3000000000
Inntekt	Fastland	Skatter og avgifter fra Fastlands-Norge	Skatter og avgifter	Andre avgifter	Avgift på drikkevareemballasje:	5559	71	Miljøavgift på kartong	60000000
Inntekt	Fastland	Skatter og avgifter fra Fastlands-Norge	Skatter og avgifter	Andre avgifter	Avgift på drikkevareemballasje:	5559	72	Miljøavgift på plast	55000000
Inntekt	Fastland	Skatter og avgifter fra Fastlands-Norge	Skatter og avgifter	Andre avgifter	Avgift på drikkevareemballasje:	5559	73	Miljøavgift på metall	10000000
Inntekt	Fastland	Skatter og avgifter fra Fastlands-Norge	Skatter og avgifter	Andre avgifter	Avgift på drikkevareemballasje:	5559	74	Miljøavgift på glass	5000000
Inntekt	Fastland	Skatter og avgifter fra Fastlands-Norge	Skatter og avgifter	Andre avgifter	Flypassasjeravgift:	5561	70	Flypassasjeravgift	1850000000
Inntekt	Fastland	Skatter og avgifter fra Fastlands-Norge	Skatter og avgifter	Andre avgifter	Dokumentavgift:	5565	70	Dokumentavgift	12200000000
Inntekt	Fastland	Skatter og avgifter fra Fastlands-Norge	Skatter og avgifter	Andre avgifter	Sektoravgifter under Kultur- og likestillingsdepartementet:	5568	71	Årsavgift - stiftelser	29850000
Inntekt	Fastland	Skatter og avgifter fra Fastlands-Norge	Skatter og avgifter	Andre avgifter	Sektoravgifter under Kultur- og likestillingsdepartementet:	5568	73	Refusjon - Norsk Rikstoto og Norsk Tipping AS	47882000
Inntekt	Fastland	Skatter og avgifter fra Fastlands-Norge	Skatter og avgifter	Andre avgifter	Sektoravgifter under Kultur- og likestillingsdepartementet:	5568	75	Kino- og videogramavgift	30000000
Inntekt	Fastland	Skatter og avgifter fra Fastlands-Norge	Skatter og avgifter	Andre avgifter	Sektoravgifter under Helse- og omsorgsdepartementet:	5572	70	Legemiddeldetaljistavgift	75985000
Inntekt	Fastland	Skatter og avgifter fra Fastlands-Norge	Skatter og avgifter	Andre avgifter	Sektoravgifter under Helse- og omsorgsdepartementet:	5572	72	Avgift utsalgssteder utenom apotek	3000000
Inntekt	Fastland	Skatter og avgifter fra Fastlands-Norge	Skatter og avgifter	Andre avgifter	Sektoravgifter under Helse- og omsorgsdepartementet:	5572	73	Legemiddelleverandøravgift	240000000
Inntekt	Fastland	Skatter og avgifter fra Fastlands-Norge	Skatter og avgifter	Andre avgifter	Sektoravgifter under Helse- og omsorgsdepartementet:	5572	74	Tilsynsavgift	3770000
Inntekt	Fastland	Skatter og avgifter fra Fastlands-Norge	Skatter og avgifter	Andre avgifter	Sektoravgifter under Helse- og omsorgsdepartementet:	5572	75	Sektoravgift tobakk	18952000
Inntekt	Fastland	Skatter og avgifter fra Fastlands-Norge	Skatter og avgifter	Andre avgifter	Sektoravgifter under Nærings- og fiskeridepartementet:	5574	71	Avgifter immaterielle rettigheter	213000000
Inntekt	Fastland	Skatter og avgifter fra Fastlands-Norge	Skatter og avgifter	Andre avgifter	Sektoravgifter under Nærings- og fiskeridepartementet:	5574	72	Kontroll- og tilsynsavgift akvakultur	33100000
Inntekt	Fastland	Skatter og avgifter fra Fastlands-Norge	Skatter og avgifter	Andre avgifter	Sektoravgifter under Nærings- og fiskeridepartementet:	5574	73	Årsavgift Merkeregisteret	3900000
Inntekt	Fastland	Skatter og avgifter fra Fastlands-Norge	Skatter og avgifter	Andre avgifter	Sektoravgifter under Nærings- og fiskeridepartementet:	5574	74	Fiskeriforskningsavgift	340900000
Inntekt	Fastland	Skatter og avgifter fra Fastlands-Norge	Skatter og avgifter	Andre avgifter	Sektoravgifter under Nærings- og fiskeridepartementet:	5574	75	Tilsynsavgift Justervesenet	35700000
Inntekt	Fastland	Skatter og avgifter fra Fastlands-Norge	Skatter og avgifter	Andre avgifter	Sektoravgifter under Nærings- og fiskeridepartementet:	5574	76	Kontrollavgift fiskeflåten	44400000
Inntekt	Fastland	Skatter og avgifter fra Fastlands-Norge	Skatter og avgifter	Andre avgifter	Sektoravgifter under Nærings- og fiskeridepartementet:	5574	77	Sektoravgifter Kystverket	1061771000
Inntekt	Fastland	Skatter og avgifter fra Fastlands-Norge	Skatter og avgifter	Andre avgifter	Sektoravgifter under Landbruks- og matdepartementet:	5576	70	Forskningsavgift på landbruksprodukter	240000000
Inntekt	Fastland	Skatter og avgifter fra Fastlands-Norge	Skatter og avgifter	Andre avgifter	Sektoravgifter under Landbruks- og matdepartementet:	5576	72	Jeger- og fellingsavgifter	97500000
Inntekt	Fastland	Skatter og avgifter fra Fastlands-Norge	Skatter og avgifter	Andre avgifter	Sektoravgifter under Klima- og miljødepartementet:	5578	70	Sektoravgifter under Svalbards miljøvernfond	18632000
Inntekt	Fastland	Skatter og avgifter fra Fastlands-Norge	Skatter og avgifter	Andre avgifter	Sektoravgifter under Klima- og miljødepartementet:	5578	72	Fiskeravgifter	19074000
Inntekt	Fastland	Skatter og avgifter fra Fastlands-Norge	Skatter og avgifter	Andre avgifter	Sektoravgifter under Digitaliserings- og forvaltningsdepartementet:	5579	70	Sektoravgifter Nasjonal kommunikasjonsmyndighet	295614000
Inntekt	Fastland	Skatter og avgifter fra Fastlands-Norge	Skatter og avgifter	Andre avgifter	Sektoravgifter under Finansdepartementet:	5580	70	Finanstilsynet, bidrag fra tilsynsenhetene	606417000
Inntekt	Fastland	Skatter og avgifter fra Fastlands-Norge	Skatter og avgifter	Andre avgifter	Sektoravgifter under Energidepartementet:	5582	70	Bidrag til kulturminnevern i regulerte vassdrag	12400000
Inntekt	Fastland	Skatter og avgifter fra Fastlands-Norge	Skatter og avgifter	Andre avgifter	Sektoravgifter under Energidepartementet:	5582	71	Konsesjonsavgifter fra vannkraftutbygging	198500000
Inntekt	Fastland	Skatter og avgifter fra Fastlands-Norge	Skatter og avgifter	Andre avgifter	Sektoravgifter under Energidepartementet:	5582	72	Sektoravgifter under Norges vassdrags- og energidirektorat	160500000
Inntekt	Fastland	Skatter og avgifter fra Fastlands-Norge	Skatter og avgifter	Andre avgifter	Sektoravgifter under Energidepartementet:	5582	73	Påslag på nettariffen til Klima- og energifondet	690000000
Inntekt	Fastland	Skatter og avgifter fra Fastlands-Norge	Skatter og avgifter	Andre avgifter	Sektoravgifter under Energidepartementet:	5582	74	Sektoravgifter under Sokkeldirektoratet	45000000
Inntekt	Fastland	Skatter og avgifter fra Fastlands-Norge	Skatter og avgifter	Andre avgifter	Sektoravgifter under Energidepartementet:	5582	75	Sektoravgifter under Havindustritilsynet	145000000
Inntekt	Fastland	Skatter og avgifter fra Fastlands-Norge	Skatter og avgifter	Andre avgifter	Særskilte avgifter mv. i bruk av frekvenser:	5583	70	Frekvens- og nummeravgift	675000000
Inntekt	Fastland	Skatter og avgifter fra Fastlands-Norge	Folketrygden	Arbeidsgiveravgift og trygdeavgift	Folketrygdens inntekter:	5700	71	Trygdeavgift	197314500000
Inntekt	Fastland	Skatter og avgifter fra Fastlands-Norge	Folketrygden	Arbeidsgiveravgift og trygdeavgift	Folketrygdens inntekter:	5700	72	Arbeidsgiveravgift	269420000000
Inntekt	Sokkelen	Skatter og avgifter fra Sokkelen	Folketrygden	-	Skatt og avgift på utvinning av petroleum:	5507	71	Ordinær skatt på formue og inntekt	119500000000
Inntekt	Sokkelen	Skatter og avgifter fra Sokkelen	Folketrygden	-	Skatt og avgift på utvinning av petroleum:	5507	72	Særskatt på oljeinntekter	259700000000
Inntekt	Sokkelen	Skatter og avgifter fra Sokkelen	Folketrygden	-	Skatt og avgift på utvinning av petroleum:	5507	74	Arealavgift mv.	1300000000
Inntekt	Sokkelen	Skatter og avgifter fra Sokkelen	Folketrygden	-	Avgift på utslipp av CO2 i petroleumsvirksomhet på kontinentalsokkelen:	5508	70	CO2-avgift i petroleumsvirksomheten på kontinentalsokkelen	8000000000
Inntekt	Sokkelen	Skatter og avgifter fra Sokkelen	Folketrygden	-	Avgift på utslipp av NOX i petroleumsvirksomheten på kontinentalsokkelen:	5509	70	Avgift	1000000
Inntekt	Oljefondet	Statens pensjonsfond utland	Statens pensjonsfond utland	-	Statens pensjonsfond utland:	5800	50	Overføring fra fondet	413647646000
Statslån	Statslån	Statslånemidler	Statslånemidler	-	Statslånemidler:	5999	90	Lån	174101183000
Avdrag	Fastland	Tilbakebetalinger	Statslånemidler	-	Statslånemidler:	5999	90	Tilbakebetaling av nødlån fra utlandet	450000
Avdrag	Fastland	Tilbakebetalinger	Statslånemidler	-	Statslånemidler:	5999	90	Avdrag på investeringslån t.o.m. 2007	504300000
Avdrag	Fastland	Tilbakebetalinger	Statslånemidler	-	Statslånemidler:	5999	90	Avdrag på lån	1214000000
Avdrag	Fastland	Tilbakebetalinger	Statslånemidler	-	Statslånemidler:	5999	96	Salg av aksjer	25000000
Avdrag	Fastland	Tilbakebetalinger	Statslånemidler	-	Statslånemidler:	5999	90	Avdrag	19900000
Avdrag	Fastland	Tilbakebetalinger	Statslånemidler	-	Statslånemidler:	5999	90	Avdrag på lån	10000000
Avdrag	Fastland	Tilbakebetalinger	Statslånemidler	-	Statslånemidler:	5999	90	Tilbakebetaling av lån	15500000000
Avdrag	Fastland	Tilbakebetalinger	Statslånemidler	-	Statslånemidler:	5999	90	Redusert lån og rentegjeld	14754325000
Avdrag	Fastland	Tilbakebetalinger	Statslånemidler	-	Statslånemidler:	5999	93	Omgjøring av utdanningslån til stipend	8651746000
Avdrag	Fastland	Tilbakebetalinger	Statslånemidler	-	Statslånemidler:	5999	90	Avdrag	15106000000
Avdrag	Fastland	Tilbakebetalinger	Statslånemidler	-	Statslånemidler:	5999	90	Avdrag på utestående fordringer	64100000000
Avdrag	Fastland	Tilbakebetalinger	Statslånemidler	-	Statslånemidler:	5999	92	Låneordning for pakkereisearrangører - avdrag	30000000
Avdrag	Fastland	Tilbakebetalinger	Statslånemidler	-	Statslånemidler:	5999	90	Avdrag på utestående fordringer	60000000
Avdrag	Fastland	Tilbakebetalinger	Statslånemidler	-	Statslånemidler:	5999	90	Avdrag på utestående fordringer	7200000000
Avdrag	Fastland	Tilbakebetalinger	Statslånemidler	-	Statslånemidler:	5999	98	Avdrag på egenbeholdning statsobligasjoner	6000000000